{
    "name": "root",
    "gauges": {
        "Hummingbird.Policy.Entropy.mean": {
            "value": 1.419155240058899,
            "min": 1.4186317920684814,
            "max": 1.419312834739685,
            "count": 7
        },
        "Hummingbird.Policy.ExtrinsicValueEstimate.mean": {
            "value": 0.046287812292575836,
            "min": -0.0013621661346405745,
            "max": 0.060010939836502075,
            "count": 7
        },
        "Hummingbird.Environment.EpisodeLength.mean": {
            "value": 999.0,
            "min": 999.0,
            "max": 999.0,
            "count": 7
        },
        "Hummingbird.Environment.CumulativeReward.mean": {
            "value": -0.65,
            "min": -0.65,
            "max": 0.0,
            "count": 7
        },
        "Hummingbird.Policy.ExtrinsicReward.mean": {
            "value": -0.65,
            "min": -0.65,
            "max": 0.0,
            "count": 7
        },
        "Hummingbird.IsTraining.mean": {
            "value": 1.0,
            "min": 1.0,
            "max": 1.0,
            "count": 7
        },
        "Hummingbird.Losses.ValueLoss.mean": {
            "value": 0.0002943879517260939,
            "min": 0.0002943879517260939,
            "max": 0.004559860564768314,
            "count": 3
        },
        "Hummingbird.Losses.PolicyLoss.mean": {
            "value": 0.05390196666121483,
            "min": 0.04872283712029457,
            "max": 0.05390196666121483,
            "count": 3
        },
        "Hummingbird.Policy.LearningRate.mean": {
            "value": 0.0002963769366033375,
            "min": 0.0002963769366033375,
            "max": 0.0002987923799082637,
            "count": 3
        },
        "Hummingbird.Policy.Epsilon.mean": {
            "value": 0.19879235327243805,
            "min": 0.19879235327243805,
            "max": 0.19959741830825806,
            "count": 3
        },
        "Hummingbird.Policy.Beta.mean": {
            "value": 0.00493973633274436,
            "min": 0.00493973633274436,
            "max": 0.004979911260306835,
            "count": 3
        }
    },
    "metadata": {
        "timer_format_version": "0.1.0",
        "start_time_seconds": "1593394883",
        "python_version": "3.7.7 (default, May  6 2020, 11:45:54) [MSC v.1916 64 bit (AMD64)]",
        "command_line_arguments": "C:\\Users\\casey\\Anaconda3\\envs\\ml-agents-1.0.3\\Scripts\\mlagents-learn hummingbird.yaml --run-id hb_02",
        "mlagents_version": "0.17.0",
        "mlagents_envs_version": "0.17.0",
        "communication_protocol_version": "1.0.0",
        "tensorflow_version": "2.2.0",
        "end_time_seconds": "1593395569"
    },
    "total": 686.8917801,
    "count": 1,
    "self": 0.0035708999999997104,
    "children": {
        "run_training.setup": {
            "total": 0.00681200000000004,
            "count": 1,
            "self": 0.00681200000000004
        },
        "TrainerController.start_learning": {
            "total": 686.8813972,
            "count": 1,
            "self": 15.627811699996528,
            "children": {
                "TrainerController._reset_env": {
                    "total": 14.48752,
                    "count": 1,
                    "self": 14.48752
                },
                "TrainerController.advance": {
                    "total": 656.5338580000035,
                    "count": 78841,
                    "self": 0.6818024999928411,
                    "children": {
                        "env_step": {
                            "total": 655.8520555000107,
                            "count": 78841,
                            "self": 608.4590779000084,
                            "children": {
                                "SubprocessEnvManager._take_step": {
                                    "total": 46.65061629999664,
                                    "count": 78841,
                                    "self": 1.782020400006175,
                                    "children": {
                                        "NNPolicy.evaluate": {
                                            "total": 44.86859589999047,
                                            "count": 78841,
                                            "self": 44.86859589999047
                                        }
                                    }
                                },
                                "workers": {
                                    "total": 0.7423613000056548,
                                    "count": 78840,
                                    "self": 0.0,
                                    "children": {
                                        "worker_root": {
                                            "total": 670.5520328,
                                            "count": 78840,
                                            "is_parallel": true,
                                            "self": 114.8988417999949,
                                            "children": {
                                                "steps_from_proto": {
                                                    "total": 0.0003289999999989135,
                                                    "count": 1,
                                                    "is_parallel": true,
                                                    "self": 7.890000000188024e-05,
                                                    "children": {
                                                        "_process_vector_observation": {
                                                            "total": 0.00025009999999703325,
                                                            "count": 8,
                                                            "is_parallel": true,
                                                            "self": 0.00025009999999703325
                                                        }
                                                    }
                                                },
                                                "UnityEnvironment.step": {
                                                    "total": 555.6528620000051,
                                                    "count": 78840,
                                                    "is_parallel": true,
                                                    "self": 4.776637500021707,
                                                    "children": {
                                                        "UnityEnvironment._generate_step_input": {
                                                            "total": 3.165631400000265,
                                                            "count": 78840,
                                                            "is_parallel": true,
                                                            "self": 3.165631400000265
                                                        },
                                                        "communicator.exchange": {
                                                            "total": 528.8118831999917,
                                                            "count": 78840,
                                                            "is_parallel": true,
                                                            "self": 528.8118831999917
                                                        },
                                                        "steps_from_proto": {
                                                            "total": 18.89870989999148,
                                                            "count": 78840,
                                                            "is_parallel": true,
                                                            "self": 5.879183899964346,