Steps,Policy/Entropy,Policy/Extrinsic Value Estimate,Environment/Episode Length,Environment/Cumulative Reward,Policy/Extrinsic Reward,Is Training
10000,1.4189383,-0.0013621661,999.0,0.0,0.0,1.0
20000,1.4189383,0.018392473,999.0,0.0,0.0,1.0
30000,1.4186367,0.048982393,999.0,0.0,0.0,1.0
40000,1.4186318,0.06001094,999.0,-0.05,-0.05,1.0
50000,1.4192932,0.048769284,999.0,0.0,0.0,1.0
60000,1.4193128,0.05799613,999.0,0.0,0.0,1.0
70000,1.4191552,0.046287812,999.0,-0.65,-0.65,1.0
