{
    "name": "root",
    "gauges": {
        "Hummingbird.Policy.Entropy.mean": {
            "value": 1.4188975095748901,
            "min": 1.4188975095748901,
            "max": 1.4189382791519165,
            "count": 4
        },
        "Hummingbird.Policy.ExtrinsicValueEstimate.mean": {
            "value": -0.13951320946216583,
            "min": -0.17584387958049774,
            "max": -0.13951320946216583,
            "count": 4
        },
        "Hummingbird.IsTraining.mean": {
            "value": 1.0,
            "min": 1.0,
            "max": 1.0,
            "count": 4
        },
        "Hummingbird.Environment.EpisodeLength.mean": {
            "value": 999.0,
            "min": 999.0,
            "max": 999.0,
            "count": 2
        },
        "Hummingbird.Environment.CumulativeReward.mean": {
            "value": 0.0,
            "min": -0.84375,
            "max": 0.0,
            "count": 2
        },
        "Hummingbird.Policy.ExtrinsicReward.mean": {
            "value": 0.0,
            "min": -0.84375,
            "max": 0.0,
            "count": 2
        },
        "Hummingbird.Losses.ValueLoss.mean": {
            "value": 0.006057940423488617,
            "min": 0.006057940423488617,
            "max": 0.006057940423488617,
            "count": 1
        },
        "Hummingbird.Losses.PolicyLoss.mean": {
            "value": 0.10850726068019867,
            "min": 0.10850726068019867,
            "max": 0.10850726068019867,
            "count": 1
        },
        "Hummingbird.Policy.LearningRate.mean": {
            "value": 0.0002986713661812246,
            "min": 0.0002986713661812246,
            "max": 0.0002986713661812246,
            "count": 1
        },
        "Hummingbird.Policy.Epsilon.mean": {
            "value": 0.1995571255683899,
            "min": 0.1995571255683899,
            "max": 0.1995571255683899,
            "count": 1
        },
        "Hummingbird.Policy.Beta.mean": {
            "value": 0.004977900069206953,
            "min": 0.004977900069206953,
            "max": 0.004977900069206953,
            "count": 1
        }
    },
    "metadata": {
        "timer_format_version": "0.1.0",
        "start_time_seconds": "1593396447",
        "python_version": "3.7.7 (default, May  6 2020, 11:45:54) [MSC v.1916 64 bit (AMD64)]",
        "command_line_arguments": "C:\\Users\\casey\\Anaconda3\\envs\\ml-agents-1.0.3\\Scripts\\mlagents-learn hummingbird.yaml --run-id hb_03 --train --load",
        "mlagents_version": "0.17.0",
        "mlagents_envs_version": "0.17.0",
        "communication_protocol_version": "1.0.0",
        "tensorflow_version": "2.2.0",
        "end_time_seconds": "1593396529"
    },
    "total": 81.52746259999999,
    "count": 1,
    "self": 0.003663199999991207,
    "children": {
        "run_training.setup": {
            "total": 0.007202399999999942,
            "count": 1,
            "self": 0.007202399999999942
        },
        "TrainerController.start_learning": {
            "total": 81.516597,
            "count": 1,
            "self": 2.1526027999997837,
            "children": {
                "TrainerController._reset_env": {
                    "total": 16.5482375,
                    "count": 1,
                    "self": 16.5482375
                },
                "TrainerController.advance": {
                    "total": 62.55407590000021,
                    "count": 2931,
                    "self": 0.0260402000000326,
                    "children": {
                        "env_step": {
                            "total": 62.528035700000174,
                            "count": 2931,
                            "self": 60.221866800000036,
                            "children": {
                                "SubprocessEnvManager._take_step": {
                                    "total": 2.278245799999958,
                                    "count": 2931,
                                    "self": 0.10096060000013551,
                                    "children": {
                                        "NNPolicy.evaluate": {
                                            "total": 2.1772851999998224,
                                            "count": 2931,
                                            "self": 2.1772851999998224
                                        }
                                    }
                                },
                                "workers": {
                                    "total": 0.027923100000180057,
                                    "count": 2930,
                                    "self": 0.0,
                                    "children": {
                                        "worker_root": {
                                            "total": 64.31857320000006,
                                            "count": 2930,
                                            "is_parallel": true,
                                            "self": 7.151378299999827,
                                            "children": {
                                                "steps_from_proto": {
                                                    "total": 0.0007303000000007387,
                                                    "count": 1,
                                                    "is_parallel": true,
                                                    "self": 0.00010130000000430073,
                                                    "children": {
                                                        "_process_vector_observation": {
                                                            "total": 0.000628999999996438,
                                                            "count": 8,
                                                            "is_parallel": true,
                                                            "self": 0.000628999999996438
                                                        }
                                                    }
                                                },
                                                "UnityEnvironment.step": {
                                                    "total": 57.16646460000023,
                                                    "count": 2930,
                                                    "is_parallel": true,
                                                    "self": 0.45738180000129347,
                                                    "children": {
                                                        "UnityEnvironment._generate_step_input": {
                                                            "total": 0.344417199999576,
                                                            "count": 2930,
                                                            "is_parallel": true,
                                                            "self": 0.344417199999576
                                                        },
                                                        "communicator.exchange": {
                                                            "total": 54.37478409999979,
                                                            "count": 2930,
                                                            "is_parallel": true,
                                                            "self": 54.37478409999979
                                                        },
                                                        "steps_from_proto": {
                                                            "total": 1.9898814999995729,
                                                            "count": 2930,
                                                            "is_parallel": true,
                                                            "self": 0.26523809999992665,