{
    "name": "root",
    "gauges": {
        "Hummingbird.Policy.Entropy.mean": {
            "value": 1.4032080173492432,
            "min": 1.3985213041305542,
            "max": 1.4191992282867432,
            "count": 315
        },
        "Hummingbird.Policy.ExtrinsicValueEstimate.mean": {
            "value": -0.017833737656474113,
            "min": -0.19788137078285217,
            "max": 0.17002475261688232,
            "count": 315
        },
        "Hummingbird.Environment.EpisodeLength.mean": {
            "value": 999.0,
            "min": 999.0,
            "max": 999.0,
            "count": 315
        },
        "Hummingbird.Environment.CumulativeReward.mean": {
            "value": 0.0,
            "min": -6.125,
            "max": 0.0,
            "count": 315
        },
        "Hummingbird.Policy.ExtrinsicReward.mean": {
            "value": 0.0,
            "min": -6.125,
            "max": 0.0,
            "count": 315
        },
        "Hummingbird.IsTraining.mean": {
            "value": 1.0,
            "min": 1.0,
            "max": 1.0,
            "count": 315
        },
        "Hummingbird.Losses.ValueLoss.mean": {
            "value": 0.00019311512005515397,
            "min": 7.640331023139879e-05,
            "max": 0.053497910499572754,
            "count": 149
        },
        "Hummingbird.Losses.PolicyLoss.mean": {
            "value": 0.0623554065823555,
            "min": 0.0279484111815691,
            "max": 0.13987994194030762,
            "count": 149
        },
        "Hummingbird.Policy.LearningRate.mean": {
            "value": 0.00011225862544961274,
            "min": 0.00011225862544961274,
            "max": 0.0002987328334711492,
            "count": 149
        },
        "Hummingbird.Policy.Epsilon.mean": {
            "value": 0.13741950690746307,
            "min": 0.13741950690746307,
            "max": 0.19957764446735382,
            "count": 149
        },
        "Hummingbird.Policy.Beta.mean": {
            "value": 0.0018772338517010212,
            "min": 0.0018772338517010212,
            "max": 0.004978922661393881,
            "count": 149
        }
    },
    "metadata": {
        "timer_format_version": "0.1.0",
        "start_time_seconds": "1593396574",
        "python_version": "3.7.7 (default, May  6 2020, 11:45:54) [MSC v.1916 64 bit (AMD64)]",
        "command_line_arguments": "C:\\Users\\casey\\Anaconda3\\envs\\ml-agents-1.0.3\\Scripts\\mlagents-learn hummingbird.yaml --run-id hb_04 --train --load",
        "mlagents_version": "0.17.0",
        "mlagents_envs_version": "0.17.0",
        "communication_protocol_version": "1.0.0",
        "tensorflow_version": "2.2.0",
        "end_time_seconds": "1593402169"
    },
    "total": 5594.976063599999,
    "count": 1,
    "self": 0.003821099999186117,
    "children": {
        "run_training.setup": {
            "total": 0.005679599999999896,
            "count": 1,
            "self": 0.005679599999999896
        },
        "TrainerController.start_learning": {
            "total": 5594.9665629,
            "count": 1,
            "self": 74.00385929996719,
            "children": {
                "TrainerController._reset_env": {
                    "total": 17.4848293,
                    "count": 1,
                    "self": 17.4848293
                },
                "TrainerController.advance": {
                    "total": 5503.294670300032,
                    "count": 394621,
                    "self": 3.3806064999489536,
                    "children": {
                        "env_step": {
                            "total": 5499.914063800083,
                            "count": 394621,
                            "self": 5221.001204300084,
                            "children": {
                                "SubprocessEnvManager._take_step": {
                                    "total": 274.9128554001007,
                                    "count": 394621,
                                    "self": 11.354522600207076,
                                    "children": {
                                        "NNPolicy.evaluate": {
                                            "total": 263.5583327998936,
                                            "count": 394621,
                                            "self": 263.5583327998936
                                        }
                                    }
                                },
                                "workers": {
                                    "total": 4.000004099897325,
                                    "count": 394620,
                                    "self": 0.0,
                                    "children": {
                                        "worker_root": {
                                            "total": 5569.712937400057,
                                            "count": 394620,
                                            "is_parallel": true,
                                            "self": 672.1273625001968,
                                            "children": {
                                                "steps_from_proto": {
                                                    "total": 0.0004951999999995849,
                                                    "count": 1,
                                                    "is_parallel": true,
                                                    "self": 8.77000000016892e-05,
                                                    "children": {
                                                        "_process_vector_observation": {
                                                            "total": 0.00040749999999789566,
                                                            "count": 8,
                                                            "is_parallel": true,
                                                            "self": 0.00040749999999789566
                                                        }
                                                    }
                                                },
                                                "UnityEnvironment.step": {
                                                    "total": 4897.58507969986,
                                                    "count": 394620,
                                                    "is_parallel": true,
                                                    "self": 41.44021140040968,
                                                    "children": {
                                                        "UnityEnvironment._generate_step_input": {
                                                            "total": 30.37445799972381,
                                                            "count": 394620,
                                                            "is_parallel": true,
                                                            "self": 30.37445799972381
                                                        },
                                                        "communicator.exchange": {
                                                            "total": 4652.019465500044,
                                                            "count": 394620,
                                                            "is_parallel": true,
                                                            "self": 4652.019465500044
                                                        },
                                                        "steps_from_proto": {
                                                            "total": 173.7509447996826,
                                                            "count": 394620,
                                                            "is_parallel": true,
                                                            "self": 32.40830829941177,